{
    "name": "root",
    "metadata": {
        "timer_format_version": "0.1.0",
        "start_time_seconds": "1601561070",
        "python_version": "3.6.12 |Anaconda, Inc.| (default, Sep  9 2020, 00:29:25) [MSC v.1916 64 bit (AMD64)]",
        "command_line_arguments": "C:\\Users\\limxu\\anaconda3\\envs\\mlagents\\Scripts\\mlagents-learn config/turret_config.yaml --run-id=Turret-3-train",
        "mlagents_version": "0.20.0",
        "mlagents_envs_version": "0.20.0",
        "communication_protocol_version": "1.1.0",
        "tensorflow_version": "2.3.1",
        "numpy_version": "1.19.2",
        "end_time_seconds": "1601561119"
    },
    "total": 49.323902,
    "count": 1,
    "self": 0.02275359999999438,
    "children": {
        "run_training.setup": {
            "total": 0.016165500000000003,
            "count": 1,
            "self": 0.016165500000000003
        },
        "TrainerController.start_learning": {
            "total": 49.2849829,
            "count": 1,
            "self": 0.045199599999918405,
            "children": {
                "TrainerController._reset_env": {
                    "total": 21.098366199999997,
                    "count": 1,
                    "self": 21.098366199999997
                },
                "TrainerController.advance": {
                    "total": 27.38269980000009,
                    "count": 1158,
                    "self": 0.018806700000087773,
                    "children": {
                        "env_step": {
                            "total": 27.363893100000002,
                            "count": 1158,
                            "self": 26.14630129999991,
                            "children": {
                                "SubprocessEnvManager._take_step": {
                                    "total": 1.196215800000079,
                                    "count": 1158,
                                    "self": 0.0363431000000034,
                                    "children": {
                                        "TFPolicy.evaluate": {
                                            "total": 1.1598727000000757,
                                            "count": 1151,
                                            "self": 1.1598727000000757
                                        }
                                    }
                                },
                                "workers": {
                                    "total": 0.021376000000014272,
                                    "count": 1157,
                                    "self": 0.0,
                                    "children": {
                                        "worker_root": {
                                            "total": 37.34601529999993,
                                            "count": 1157,
                                            "is_parallel": true,
                                            "self": 13.130874799999894,
                                            "children": {
                                                "steps_from_proto": {
                                                    "total": 0.0005392,
                                                    "count": 1,
                                                    "is_parallel": true,
                                                    "self": 0.0002233,
                                                    "children": {
                                                        "_process_vector_observation": {
                                                            "total": 0.0003159,
                                                            "count": 4,
                                                            "is_parallel": true,
                                                            "self": 0.0003159
                                                        }
                                                    }
                                                },
                                                "UnityEnvironment.step": {
                                                    "total": 24.214601300000034,
                                                    "count": 1157,
                                                    "is_parallel": true,
                                                    "self": 0.14411519999995193,
                                                    "children": {
                                                        "UnityEnvironment._generate_step_input": {
                                                            "total": 0.09382589999997926,
                                                            "count": 1157,
                                                            "is_parallel": true,
                                                            "self": 0.09382589999997926
                                                        },
                                                        "communicator.exchange": {
                                                            "total": 23.391960400000013,
                                                            "count": 1157,
                                                            "is_parallel": true,
                                                            "self": 23.391960400000013
                                                        },
                                                        "steps_from_proto": {
                                                            "total": 0.5846998000000863,
                                                            "count": 1157,
                                                            "is_parallel": true,
                                                            "self": 0.26425880000008384,
                                                            "children": {
                                                                "_process_vector_observation": {
                                                                    "total": 0.3204410000000024,
                                                                    "count": 4628,
                                                                    "is_parallel": true,
                                                                    "self": 0.3204410000000024
                                                                }
                                                            }
                                                        }
                                                    }
                                                }
                                            }
                                        }
                                    }
                                }
                            }
                        }
                    }
                },
                "trainer_threads": {
                    "total": 2.179999999896154e-05,
                    "count": 1,
                    "self": 2.179999999896154e-05,
                    "children": {
                        "thread_root": {
                            "total": 0.0,
                            "count": 0,
                            "is_parallel": true,
                            "self": 0.0,
                            "children": {
                                "trainer_advance": {
                                    "total": 27.23695189999999,
                                    "count": 12100,
                                    "is_parallel": true,
                                    "self": 0.37133749999976473,
                                    "children": {
                                        "process_trajectory": {
                                            "total": 26.865614400000226,
                                            "count": 12100,
                                            "is_parallel": true,